Athlete ID,Name,School,SeedTime,SimTime,DisplayedSemiTime,FinalLane
1,Jacob Martinez  ,University of Pittsburgh   ,10.33,10.41,10.3909946258076,1
9,Carlos Johnson  ,West Chester University    ,10.43,10.362,10.382685361893381,2
18,Mateo Lee       ,Duquesne University        ,10.53,10.322,10.38025549885303,3
3,Carlos Smith    ,Villanova University       ,10.35,10.365,10.365152151951632,4
2,Lucas Anderson  ,Lafayette College          ,10.34,10.372,10.367396557708119,5
7,Noah Smith      ,Lock Haven University      ,10.39,10.373,10.380760534627388,6
5,Owen Martinez   ,Bucknell University        ,10.38,10.382,10.384461519507044,7
6,Ryan Garcia     ,Lock Haven University      ,10.39,10.408,10.40676461293672,8
